USE Manufacture;

INSERT INTO Product VALUES
	('Кофемашина', 12.153),
	('Микроволновка', 15.443),
	('Духовка', 18.990),
	('Холодильник', 25.544),
	('Пароварка', 14.121),
	('Тостер', 11.830),
	('Чайник', 7.90),
	('Плита', 30.990),
	('Гриль', 18.500),
	('Скороварка', 9.999);
	

INSERT INTO Part VALUES
	('Болт', 0.554),
	('Кнопка', 1.990),
	('Провод', 2.450),
	('Катушка', 5.555),
	('Шланг', 0.999),
	('Компрессор', 3.990),
	('Лампа', 2.690),
	('Комфорка', 4.120),
	('Нагреватель', 2.880),
	('Трубка', 0.340);
	
INSERT INTO Asm VALUES
	('Кофемашина', 'Трубка', 2),
	('Микроволновка', 'Катушка', 2),
	('Духовка', 'Лампа' , 4),
	('Холодильник', 'Компрессор', 1),
	('Пароварка', 'Кнопка', 8),
	('Тостер', 'Нагреватель', 4),
	('Чайник', 'Провод', 1),
	('Плита', 'Комфорка', 4),
	('Гриль', 'Нагреватель', 1),
	('Скороварка', 'Шланг', 1);

INSERT INTO Client(client_name, country) VALUES
	('ВЛГУ', 'Россия'),
	('Google', 'США'),
	('Apple', 'США'),
	('ДНС', 'Россия'),
	('М.Видео', 'Россия'),
	('Технопарк', 'Россия'),
	('IKEA', 'Швеция'),
	('Эльдорадо', 'Россия'),
	('Техносеконд', 'Россия'),
	('Кофемашины33', 'Россия');

INSERT INTO Orders(client_id, order_date) VALUES
	(1, '2020-09-25'),
	(2, '2021-01-20'),
	(3, '2021-02-25'),
	(4, '2020-03-16'),
	(5, '2021-04-30'),
	(10, '2019-11-25'),
	(9, '2018-06-18'),
	(8, '2020-10-04'),
	(7, '2021-01-06'),
	(6, '2020-08-15');

INSERT INTO Packaging VALUES
	(1006, 'Чайник'),
	(1007, 'Холодильник'),
	(1008, 'Тостер'),
	(1009, 'Скороварка'),
	(1010, 'Духовка'),
	(1005, 'Микроволновка'),
	(1004, 'Плита'),
	(1003, 'Пароварка'),
	(1002, 'Гриль'),
	(1001, 'Кофемашина');


SELECT * FROM Product;
SELECT * FROM Part;
SELECT * FROM Asm;
SELECT * FROM Client;
SELECT * FROM Orders;
SELECT * FROM Packaging;